X,Y,Direction,Type,Passable
0,26,North,Wall,X
0,26,East,Open,O
0,26,South,Wall,X
0,26,West,Wall,X
0,27,North,Open,O
0,27,East,Open,O
0,27,South,Open,O
0,27,West,Wall,X
0,28,North,Open,O
0,28,East,Open,O
0,28,South,Open,O
0,28,West,Wall,X
0,29,North,Open,O
0,29,East,Open,O
0,29,South,Wall,X
0,29,West,Wall,X
1,24,North,Wall,X
1,24,East,Wall,X
1,24,South,Open,O
1,24,West,Wall,X
1,25,North,Open,O
1,25,East,Wall,X
1,25,South,Open,O
1,25,West,Wall,X
1,26,North,Open,O
1,26,East,Open,O
1,26,South,Open,O
1,26,West,Open,O
1,27,North,Open,O
1,27,East,Open,O
1,27,South,Open,O
1,27,West,Open,O
1,28,North,Open,O
1,28,East,Open,O
1,28,South,Door,O
1,28,West,Open,O
1,29,North,Door,O
1,29,East,Open,O
1,29,South,Open,O
1,29,West,Open,O
1,30,North,Open,O
1,30,East,Open,O
1,30,South,Open,O
1,30,West,Wall,X
1,31,North,Open,O
1,31,East,Wall,X
1,31,South,Open,O
1,31,West,Wall,X
1,32,North,Open,O
1,32,East,Wall,X
1,32,South,Open,O
1,32,West,Wall,X
1,33,North,Open,O
1,33,East,Wall,X
1,33,South,Open,O
1,33,West,Wall,X
1,34,North,Open,O
1,34,East,OneWay,O
1,34,South,Open,O
1,34,West,Wall,X
1,35,North,Open,O
1,35,East,Wall,X
1,35,South,Open,O
1,35,West,Wall,X
1,36,North,Open,O
1,36,East,Open,O
1,36,South,Wall,X
1,36,West,Wall,X
2,26,North,Wall,X
2,26,East,Open,O
2,26,South,Open,O
2,26,West,Open,O
2,27,North,Open,O
2,27,East,Open,O
2,27,South,Open,O
2,27,West,Open,O
2,28,North,Open,O
2,28,East,Wall,X
2,28,South,Door,O
2,28,West,Open,O
2,29,North,Door,O
2,29,East,Wall,X
2,29,South,Open,O
2,29,West,Open,O
2,30,North,Open,O
2,30,East,Wall,X
2,30,South,Wall,X
2,30,West,Open,O
2,34,North,Wall,X
2,34,East,Open,O
2,34,South,Wall,X
2,34,West,OneWay,X
2,36,North,Wall,X
2,36,East,Open,O
2,36,South,Wall,X
2,36,West,Open,O
3,0,North,Wall,X
3,0,East,Open,O
3,0,South,Open,O
3,0,West,Wall,X
3,1,North,Open,O
3,1,East,Open,O
3,1,South,Open,O
3,1,West,Wall,X
3,2,North,Open,O
3,2,East,Open,O
3,2,South,Open,O
3,2,West,Wall,X
3,3,North,Open,O
3,3,East,Open,O
3,3,South,Open,O
3,3,West,Wall,X
3,4,North,Open,O
3,4,East,Open,O
3,4,South,Open,O
3,4,West,Wall,X
3,5,North,Open,O
3,5,East,Open,O
3,5,South,Wall,X
3,5,West,Wall,X
3,24,North,Wall,X
3,24,East,Open,O
3,24,South,Open,O
3,24,West,Wall,X
3,25,North,Open,O
3,25,East,Wall,X
3,25,South,Open,O
3,25,West,Wall,X
3,26,North,Open,O
3,26,East,Wall,X
3,26,South,Open,O
3,26,West,Open,O
3,27,North,Open,O
3,27,East,Open,O
3,27,South,Wall,X
3,27,West,Open,O
3,33,North,Wall,X
3,33,East,Wall,X
3,33,South,Open,O
3,33,West,Wall,X
3,34,North,Open,O
3,34,East,Open,O
3,34,South,Open,O
3,34,West,Open,O
3,35,North,Open,O
3,35,East,Wall,X
3,35,South,Open,O
3,35,West,Wall,X
3,36,North,Open,O
3,36,East,Open,O
3,36,South,Wall,X
3,36,West,Open,O
4,0,North,Wall,X
4,0,East,Open,O
4,0,South,Open,O
4,0,West,Open,O
4,1,North,Open,O
4,1,East,Wall,X
4,1,South,Open,O
4,1,West,Open,O
4,2,North,Open,O
4,2,East,Wall,X
4,2,South,Open,O
4,2,West,Open,O
4,3,North,Open,O
4,3,East,Wall,X
4,3,South,Open,O
4,3,West,Open,O
4,4,North,Open,O
4,4,East,Wall,X
4,4,South,Open,O
4,4,West,Open,O
4,5,North,Open,O
4,5,East,Open,O
4,5,South,Wall,X
4,5,West,Open,O
4,23,North,Wall,X
4,23,East,Wall,X
4,23,South,Open,O
4,23,West,Wall,X
4,24,North,Open,O
4,24,East,Open,O
4,24,South,Wall,X
4,24,West,Open,O
4,27,North,Wall,X
4,27,East,Door,O
4,27,South,Wall,X
4,27,West,Open,O
4,34,North,Wall,X
4,34,East,Wall,X
4,34,South,Wall,X
4,34,West,Open,O
4,36,North,Wall,X
4,36,East,Open,O
4,36,South,Wall,X
4,36,West,Open,O
5,0,North,Wall,X
5,0,East,Open,O
5,0,South,Wall,X
5,0,West,Open,O
5,5,North,Wall,X
5,5,East,Open,O
5,5,South,Open,O
5,5,West,Open,O
5,6,North,Open,O
5,6,East,Open,O
5,6,South,Wall,X
5,6,West,OneWay,O
5,24,East,OneWay,O
5,8,North,Wall,X
5,8,East,Wall,X
5,8,South,Open,O
5,8,West,Wall,X
5,9,North,Open,O
5,9,East,Open,O
5,9,South,Wall,X
5,9,West,Wall,X
5,24,North,Wall,X
5,24,South,Wall,X
5,24,West,Open,O
5,26,North,Wall,X
5,26,East,Open,O
5,26,South,Open,O
5,26,West,Wall,X
5,27,North,Open,O
5,27,East,Open,O
5,27,South,Open,O
5,27,West,Door,O
5,28,North,Open,O
5,28,East,Open,O
5,28,South,Open,O
5,28,West,Wall,X
5,29,North,Open,O
5,29,East,Open,O
5,29,South,Open,O
5,29,West,Wall,X
5,30,North,Open,O
5,30,East,Open,O
5,30,South,Open,O
5,30,West,Wall,X
5,31,North,Open,O
5,31,East,Open,O
5,31,South,Open,O
5,31,West,Wall,X
5,32,North,Open,O
5,32,East,Open,O
5,32,South,Wall,X
5,32,West,Wall,X
5,36,North,Wall,X
5,36,East,Open,O
5,36,South,Wall,X
5,36,West,Open,O
6,0,North,Wall,X
6,0,East,Open,O
6,0,South,Open,O
6,0,West,Open,O
6,1,North,Open,O
6,1,East,Wall,X
6,1,South,Open,O
6,1,West,Wall,X
6,2,North,Open,O
6,2,East,Wall,X
6,2,South,Open,O
6,2,West,Wall,X
6,3,North,Open,O
6,3,East,Wall,X
6,3,South,Wall,X
6,3,West,Wall,X
6,5,North,Wall,X
6,5,East,Open,O
6,5,South,Open,O
6,5,West,Open,O
6,6,North,Open,O
6,6,East,Open,O
6,6,South,Open,O
6,6,West,OneWay,X
6,7,North,Open,O
6,7,East,OneWay,O
6,7,South,Wall,X
6,7,West,Wall,X
6,24,East,OneWay,O
6,24,West,OneWay,X
6,9,North,Wall,X
6,9,East,Open,O
6,9,South,Open,O
6,9,West,Open,O
6,10,North,Open,O
6,10,East,Open,O
6,10,South,Wall,X
6,10,West,Wall,X
6,23,North,Wall,X
6,23,East,Open,O
6,23,South,Door,O
6,23,West,Wall,X
6,25,South,OneWay,X
6,24,North,Door,O
6,26,North,OneWay,O
6,24,South,Open,O
6,25,North,Open,O
6,25,East,Wall,X
6,25,West,Wall,X
6,26,East,Open,O
6,26,South,Open,O
6,26,West,Open,O
6,27,North,Open,O
6,27,East,Open,O
6,27,South,Open,O
6,27,West,Open,O
6,28,North,Open,O
6,28,East,Open,O
6,28,South,Door,O
6,28,West,Open,O
6,29,North,Door,O
6,29,East,Open,O
6,29,South,Open,O
6,29,West,Open,O
6,33,North,LockedDoor,X
6,33,East,Wall,X
6,33,South,Wall,X
6,33,West,Wall,X
6,30,North,Open,O
6,30,East,Open,O
6,30,South,Open,O
6,30,West,Open,O
6,31,North,Open,O
6,31,East,Open,O
6,31,South,Open,O
6,31,West,Open,O
6,32,North,Open,O
6,32,East,Open,O
6,32,South,LockedDoor,X
6,32,West,Open,O
6,36,North,Wall,X
6,36,East,Door,O
6,36,South,Wall,X
6,36,West,Open,O
7,0,North,Wall,X
7,0,East,Open,O
7,0,South,Wall,X
7,0,West,Open,O
7,5,North,Wall,X
7,5,East,Open,O
7,5,South,Open,O
7,5,West,Open,O
7,6,North,Open,O
7,6,East,Wall,X
7,6,South,Open,O
7,6,West,Open,O
7,7,North,Open,O
7,7,East,Wall,X
7,7,South,Door,O
7,8,North,Door,O
7,8,East,Wall,X
7,8,South,Open,O
7,8,West,Wall,X
7,9,North,Open,O
7,9,East,Open,O
7,9,South,Open,O
7,9,West,Open,O
7,10,North,Open,O
7,10,East,Open,O
7,10,South,Open,O
7,10,West,Open,O
7,11,North,Open,O
7,11,East,Open,O
7,11,South,Wall,X
7,11,West,Wall,X
7,23,North,Wall,X
7,23,East,Open,O
7,23,South,Open,O
7,23,West,Open,O
7,7,West,OneWay,X
7,24,North,Open,O
7,24,East,Open,O
7,24,South,Wall,X
7,24,West,OneWay,X
7,26,North,Wall,X
7,26,East,Wall,X
7,26,South,Open,O
7,26,West,Open,O
7,27,North,Open,O
7,27,East,Door,O
7,27,South,Open,O
7,27,West,Open,O
7,28,North,Open,O
7,28,East,Wall,X
7,28,South,Open,O
7,28,West,Open,O
7,29,North,Open,O
7,29,East,Wall,X
7,29,South,Open,O
7,29,West,Open,O
7,30,North,Open,O
7,30,East,Wall,X
7,30,South,Open,O
7,30,West,Open,O
7,31,North,Open,O
7,31,East,Wall,X
7,31,South,Open,O
7,31,West,Open,O
7,32,North,Open,O
7,32,East,Wall,X
7,32,South,Wall,X
7,32,West,Open,O
7,36,North,Wall,X
7,36,East,Open,O
7,36,South,Open,O
7,36,West,Door,O
7,37,North,Open,O
7,37,East,Open,O
7,37,South,Open,O
7,37,West,Wall,X
7,38,North,Open,O
7,38,East,Open,O
7,38,South,Wall,X
7,38,West,Wall,X
8,0,North,Wall,X
8,0,East,Wall,X
8,0,South,Open,O
8,0,West,Open,O
8,1,North,Open,O
8,1,East,Open,O
8,1,South,Open,O
8,1,West,Wall,X
8,2,North,Open,O
8,2,East,Open,O
8,2,South,Open,O
8,2,West,Wall,X
8,3,North,Open,O
8,3,East,Open,O
8,3,South,Open,O
8,3,West,Wall,X
8,4,North,Open,O
8,4,East,Open,O
8,4,South,Open,O
8,4,West,Wall,X
8,5,North,Open,O
8,5,East,Open,O
8,5,South,Wall,X
8,5,West,Open,O
8,9,North,Wall,X
8,9,East,Wall,X
8,9,South,Open,O
8,9,West,Open,O
8,10,North,Open,O
8,10,East,Open,O
8,10,South,Open,O
8,10,West,Open,O
8,11,North,Open,O
8,11,East,Open,O
8,11,South,Wall,X
8,11,West,Open,O
8,23,North,Wall,X
8,23,East,Wall,X
8,23,South,Open,O
8,23,West,Open,O
8,24,North,Open,O
8,24,East,Wall,X
8,24,South,Wall,X
8,24,West,Open,O
8,36,South,OneWay,X
8,37,North,OneWay,O
8,27,North,Wall,X
8,27,East,Open,O
8,27,South,Wall,X
8,27,West,Door,O
8,37,South,OneWay,X
8,38,North,OneWay,O
8,36,North,Wall,X
8,36,East,Open,O
8,36,West,Open,O
8,37,East,Open,O
8,37,West,Open,O
8,38,East,Open,O
8,38,South,Wall,X
8,38,West,Open,O
9,1,North,Wall,X
9,1,East,Door,O
9,1,South,Open,O
9,1,West,Open,O
9,2,North,Open,O
9,2,East,Wall,X
9,2,South,Open,O
9,2,West,Open,O
9,3,North,Open,O
9,3,East,Open,O
9,3,South,Open,O
9,3,West,Open,O
9,4,North,Open,O
9,4,East,Wall,X
9,4,South,Open,O
9,4,West,Open,O
9,5,North,Open,O
9,5,East,Wall,X
9,5,South,Wall,X
9,5,West,Open,O
9,10,North,Wall,X
9,10,East,Wall,X
9,10,South,Open,O
9,10,West,Open,O
9,11,North,Open,O
9,11,East,Open,O
9,11,South,Open,O
9,11,West,Open,O
9,12,North,Open,O
9,12,East,Open,O
9,12,South,Wall,X
9,12,West,Wall,X
9,26,North,Wall,X
9,26,East,Open,O
9,26,South,Open,O
9,26,West,Wall,X
9,27,North,Open,O
9,27,East,Open,O
9,27,South,Wall,X
9,27,West,Open,O
9,36,North,Wall,X
9,36,East,Open,O
9,36,South,Open,O
9,36,West,Open,O
9,37,North,Open,O
9,37,East,Open,O
9,37,South,Open,O
9,37,West,Open,O
9,38,North,Open,O
9,38,East,Open,O
9,38,South,Wall,X
9,38,West,Open,O
10,1,North,Wall,X
10,1,East,Wall,X
10,1,South,Wall,X
10,1,West,Door,O
10,3,North,Wall,X
10,3,East,Open,O
10,3,South,Wall,X
10,3,West,Open,O
10,11,North,Wall,X
10,11,East,Wall,X
10,11,South,Open,O
10,11,West,Open,O
10,12,North,Open,O
10,12,East,Wall,X
10,12,South,Open,O
10,12,West,Open,O
10,13,North,Open,O
10,13,East,Door,O
10,13,South,Wall,X
10,13,West,Wall,X
10,26,North,Wall,X
10,26,East,Open,O
10,26,South,Open,O
10,26,West,Open,O
10,27,North,Open,O
10,27,East,Door,O
10,27,South,Wall,X
10,27,West,Open,O
10,36,North,Wall,X
10,36,East,Open,O
10,36,South,OneWay,X
10,36,West,Open,O
10,37,North,OneWay,O
10,37,East,Open,O
10,37,South,Open,O
10,37,West,Open,O
10,38,North,Open,O
10,38,East,Open,O
10,38,South,Wall,X
10,38,West,Open,O
11,3,North,Wall,X
11,3,East,Door,O
11,3,South,Wall,X
11,3,West,Open,O
11,13,North,Wall,X
11,13,East,Open,O
11,13,South,Wall,X
11,13,West,Door,O
11,21,North,Wall,X
11,21,East,Open,O
11,21,South,Open,O
11,21,West,Wall,X
11,22,North,Open,O
11,22,East,Wall,X
11,22,South,Open,O
11,22,West,Wall,X
11,23,North,Open,O
11,23,East,Wall,X
11,23,South,Open,O
11,23,West,Wall,X
11,24,North,Open,O
11,24,East,Wall,X
11,24,South,Open,O
11,24,West,Wall,X
11,25,North,Open,O
11,25,East,Wall,X
11,25,South,Open,O
11,25,West,Wall,X
11,26,North,Open,O
11,26,East,Wall,X
11,26,South,Open,O
11,26,West,Open,O
11,27,North,Open,O
11,27,East,Wall,X
11,27,South,Open,O
11,27,West,Door,O
11,28,North,Open,O
11,28,East,OneWay,O
11,28,South,Open,O
11,28,West,Wall,X
11,29,North,Open,O
11,29,East,Wall,X
11,29,South,Open,O
11,29,West,Wall,X
11,30,North,Open,O
11,30,East,Wall,X
11,30,South,Open,O
11,30,West,Wall,X
11,31,North,Open,O
11,31,East,Wall,X
11,31,South,Open,O
11,31,West,Wall,X
11,32,North,Open,O
11,32,East,Open,O
11,32,South,Wall,X
11,32,West,Wall,X
11,36,North,Wall,X
11,36,East,Open,O
11,36,South,Open,O
11,36,West,Open,O
11,37,North,Open,O
11,37,East,Open,O
11,37,South,OneWay,O
11,37,West,Open,O
11,38,North,OneWay,X
11,38,East,Open,O
11,38,South,Wall,X
11,38,West,Open,O
12,0,North,Wall,X
12,0,East,Open,O
12,0,South,Open,O
12,0,West,Wall,X
12,1,North,Open,O
12,1,East,Open,O
12,1,South,Open,O
12,1,West,Wall,X
12,2,North,Open,O
12,2,East,Open,O
12,2,South,Open,O
12,2,West,Wall,X
12,3,North,Open,O
12,3,East,Open,O
12,3,South,Open,O
12,3,West,Door,O
12,4,North,Open,O
12,4,East,Open,O
12,4,South,Open,O
12,4,West,Wall,X
12,5,North,Open,O
12,5,East,Open,O
12,5,South,Open,O
12,5,West,Wall,X
12,6,North,Open,O
12,6,East,Open,O
12,6,South,Wall,X
12,6,West,Wall,X
12,12,North,Wall,X
12,12,East,Open,O
12,12,South,Open,O
12,12,West,Wall,X
12,13,North,Open,O
12,13,East,Open,O
12,13,South,Open,O
12,13,West,Open,O
12,14,North,Open,O
12,14,East,Open,O
12,14,South,Wall,X
12,14,West,Wall,X
12,21,North,Wall,X
12,21,East,Open,O
12,21,South,Wall,X
12,21,West,Open,O
12,28,North,Wall,X
12,28,East,Open,O
12,28,South,Wall,X
12,28,West,OneWay,X
12,32,North,Wall,X
12,32,East,Open,O
12,32,South,Wall,X
12,32,West,Open,O
12,36,North,Wall,X
12,36,East,Open,O
12,36,South,Open,O
12,36,West,Open,O
12,37,North,Open,O
12,37,East,Open,O
12,37,South,Open,O
12,37,West,Open,O
12,38,North,Open,O
12,38,East,Open,O
12,38,South,Wall,X
12,38,West,Open,O
13,0,North,Wall,X
13,0,East,Open,O
13,0,South,Open,O
13,0,West,Open,O
13,1,North,Open,O
13,1,East,Wall,X
13,1,South,Open,O
13,1,West,Open,O
13,2,North,Open,O
13,2,East,Wall,X
13,2,South,Open,O
13,2,West,Open,O
13,3,North,Open,O
13,3,East,Wall,X
13,3,South,Open,O
13,3,West,Open,O
13,4,North,Open,O
13,4,East,Open,O
13,4,South,Open,O
13,4,West,Open,O
13,5,North,Open,O
13,5,East,Wall,X
13,5,South,Open,O
13,5,West,Open,O
13,6,North,Open,O
13,6,East,Open,O
13,6,South,Wall,X
13,6,West,Open,O
13,11,North,Wall,X
13,11,East,Open,O
13,11,South,Open,O
13,11,West,Wall,X
13,12,North,Open,O
13,12,East,Open,O
13,12,South,Open,O
13,12,West,Open,O
13,13,North,Open,O
13,13,East,Open,O
13,13,South,Open,O
13,13,West,Open,O
13,14,North,Open,O
13,14,East,Open,O
13,14,South,Open,O
13,14,West,Open,O
13,15,North,Open,O
13,15,East,Open,O
13,15,South,Wall,X
13,15,West,Wall,X
13,17,North,Wall,X
13,17,East,Door,O
13,17,South,Open,O
13,17,West,Wall,X
13,18,North,Open,O
13,18,East,Wall,X
13,18,South,Open,O
13,18,West,Wall,X
13,19,North,Open,O
13,19,East,Open,O
13,19,South,Open,O
13,19,West,Wall,X
13,20,North,Open,O
13,20,East,Wall,X
13,20,South,Open,O
13,20,West,Wall,X
13,21,North,Open,O
13,21,East,Open,O
13,21,South,Wall,X
13,21,West,Open,O
13,26,North,Wall,X
13,26,East,Open,O
13,26,South,Wall,X
13,26,West,Wall,X
13,28,North,Wall,X
13,28,East,OneWay,O
13,28,South,Wall,X
13,28,West,Open,O
13,30,North,Wall,X
13,30,South,Wall,X
13,30,West,Wall,X
13,30,East,OneWay,O
13,32,North,Wall,X
13,32,East,Open,O
13,32,South,Wall,X
13,32,West,Open,O
13,36,North,Wall,X
13,36,East,Open,O
13,36,South,OneWay,X
13,36,West,Open,O
13,37,North,OneWay,O
13,37,East,Open,O
13,37,South,Open,O
13,37,West,Open,O
13,38,North,Open,O
13,38,East,Open,O
13,38,South,Wall,X
13,38,West,Open,O
14,0,North,Wall,X
14,0,East,Open,O
14,0,South,Wall,X
14,0,West,Open,O
14,4,North,Wall,X
14,4,East,Open,O
14,4,South,Wall,X
14,4,West,Open,O
14,6,North,Wall,X
14,6,East,Open,O
14,6,South,Wall,X
14,6,West,Open,O
14,8,North,Wall,X
14,8,East,Open,O
14,8,South,Open,O
14,8,West,Wall,X
14,9,North,Open,O
14,9,East,Wall,X
14,9,South,OneWay,O
14,9,West,Wall,X
14,10,North,OneWay,X
14,10,East,Wall,X
14,10,South,Open,O
14,10,West,Wall,X
14,11,North,Open,O
14,11,East,Open,O
14,11,South,Open,O
14,11,West,Open,O
14,12,North,Open,O
14,12,East,Open,O
14,12,South,Open,O
14,12,West,Open,O
14,13,North,Open,O
14,13,East,Open,O
14,13,South,Open,O
14,13,West,Open,O
14,14,North,Open,O
14,14,East,Open,O
14,14,South,Open,O
14,14,West,Open,O
14,15,North,Open,O
14,15,East,Open,O
14,15,South,Open,O
14,15,West,Open,O
14,16,North,Open,O
14,16,East,Wall,X
14,16,South,Open,O
14,16,West,Wall,X
14,17,North,Open,O
14,17,East,Open,O
14,17,South,Wall,X
14,17,West,Door,O
14,19,North,Wall,X
14,19,East,Open,O
14,19,South,Wall,X
14,19,West,Open,O
14,21,North,Wall,X
14,21,East,Open,O
14,21,South,Wall,X
14,21,West,Open,O
14,26,North,Wall,X
14,26,East,Open,O
14,26,South,Wall,X
14,26,West,Open,O
14,28,North,Wall,X
14,28,East,Open,O
14,28,South,Open,O
14,29,North,Open,O
14,29,East,Open,O
14,29,South,Open,O
14,29,West,Wall,X
14,30,North,Open,O
14,30,East,Open,O
14,30,South,LockedDoor,X
14,31,North,LockedDoor,X
14,31,East,Open,O
14,31,South,Wall,X
14,31,West,Wall,X
14,32,North,Wall,X
14,32,East,Open,O
14,32,South,Door,O
14,32,West,Open,O
14,33,North,Door,O
14,33,East,Wall,X
14,33,South,Open,O
14,33,West,Wall,X
14,34,North,Open,O
14,34,East,Wall,X
14,34,South,Open,O
14,34,West,Wall,X
14,35,North,Open,O
14,35,East,Wall,X
14,35,South,Door,O
14,35,West,Wall,X
14,28,West,OneWay,X
14,30,West,OneWay,X
14,36,North,Door,O
14,36,East,Open,O
14,36,South,Open,O
14,36,West,Open,O
14,37,North,Open,O
14,37,East,Open,O
14,37,South,Open,O
14,37,West,Open,O
14,38,North,Open,O
14,38,East,Open,O
14,38,South,Door,O
14,38,West,Open,O
14,39,North,Door,O
14,39,East,Open,O
14,39,South,Open,O
14,39,West,Wall,X
14,40,North,Open,O
14,40,East,Open,O
14,40,South,Open,O
14,40,West,Wall,X
14,41,North,Open,O
14,41,East,Open,O
14,41,South,Open,O
14,41,West,Wall,X
14,42,North,Open,O
14,42,East,Open,O
14,42,South,Wall,X
14,42,West,Wall,X
15,0,North,Wall,X
15,0,East,Open,O
15,0,South,Wall,X
15,0,West,Open,O
15,2,North,Wall,X
15,2,East,Open,O
15,2,South,Wall,X
15,2,West,Wall,X
15,4,North,Wall,X
15,4,East,Wall,X
15,4,South,Wall,X
15,4,West,Open,O
15,6,North,Wall,X
15,6,East,Open,O
15,6,West,Open,O
15,7,East,Wall,X
15,7,South,Open,O
15,7,West,Wall,X
15,8,North,Open,O
15,8,East,Wall,X
15,8,South,Wall,X
15,8,West,Open,O
15,11,North,Wall,X
15,11,East,Wall,X
15,11,South,Open,O
15,11,West,Open,O
15,12,North,Open,O
15,12,East,Open,O
15,12,South,Open,O
15,12,West,Open,O
15,13,North,Open,O
15,13,East,Open,O
15,13,South,Open,O
15,13,West,Open,O
15,14,North,Open,O
15,14,East,Open,O
15,14,South,Open,O
15,14,West,Open,O
15,15,North,Open,O
15,15,East,Wall,X
15,15,South,Wall,X
15,15,West,Open,O
15,17,North,Wall,X
15,17,East,Wall,X
15,17,South,Open,O
15,17,West,Open,O
15,18,North,Open,O
15,18,East,Wall,X
15,18,South,Open,O
15,18,West,Wall,X
15,19,North,Open,O
15,19,East,Wall,X
15,19,South,Open,O
15,19,West,Open,O
15,20,North,Open,O
15,20,East,Wall,X
15,20,South,Door,O
15,20,West,Wall,X
15,21,North,Door,O
15,21,East,Open,O
15,21,South,Wall,X
15,21,West,Open,O
15,26,North,Wall,X
15,26,East,Open,O
15,26,South,Wall,X
15,26,West,Open,O
15,28,North,Wall,X
15,28,East,Open,O
15,28,South,Open,O
15,28,West,Open,O
15,29,North,Open,O
15,29,East,Open,O
15,29,South,Open,O
15,29,West,Open,O
15,30,North,Open,O
15,30,East,Open,O
15,30,South,Wall,X
15,30,West,Open,O
15,31,North,Wall,X
15,31,East,Wall,X
15,31,South,Wall,X
15,31,West,Open,O
15,32,North,Wall,X
15,32,East,Open,O
15,32,South,Wall,X
15,32,West,Open,O
15,6,South,OneWay,O
15,7,North,OneWay,X
15,36,North,Wall,X
15,36,East,Open,O
15,36,South,Open,O
15,36,West,Open,O
15,37,North,Open,O
15,37,East,Open,O
15,37,South,Open,O
15,37,West,Open,O
15,38,North,Open,O
15,38,East,Open,O
15,38,South,Open,O
15,38,West,Open,O
15,39,North,Open,O
15,39,East,Open,O
15,39,South,Open,O
15,39,West,Open,O
15,40,North,Open,O
15,40,East,Open,O
15,40,South,Open,O
15,40,West,Open,O
15,41,North,Open,O
15,41,East,Wall,X
15,41,South,Open,O
15,41,West,Open,O
15,42,North,Open,O
15,42,East,Open,O
15,42,South,Wall,X
15,42,West,Open,O
16,0,North,Wall,X
16,0,East,Open,O
16,0,South,Wall,X
16,0,West,Open,O
16,2,North,Wall,X
16,2,East,Open,O
16,2,South,Wall,X
16,2,West,Open,O
16,6,North,Wall,X
16,6,East,Open,O
16,6,South,Wall,X
16,6,West,Open,O
16,12,North,Wall,X
16,12,East,Wall,X
16,12,South,Open,O
16,12,West,Open,O
16,13,North,Open,O
16,13,East,Open,O
16,13,South,Open,O
16,13,West,Open,O
16,14,North,Open,O
16,14,East,Wall,X
16,14,South,Wall,X
16,14,West,Open,O
16,21,North,Wall,X
16,21,East,Open,O
16,21,South,Wall,X
16,21,West,Open,O
16,26,North,Wall,X
16,26,East,Open,O
16,26,South,Wall,X
16,26,West,Open,O
16,28,North,Wall,X
16,28,East,Open,O
16,28,South,Open,O
16,28,West,Open,O
16,29,North,Open,O
16,29,East,LockedDoor,X
16,29,South,Open,O
16,29,West,Open,O
16,30,North,Open,O
16,30,East,Open,O
16,30,South,Wall,X
16,30,West,Open,O
16,32,North,Wall,X
16,32,East,Open,O
16,32,South,Wall,X
16,32,West,Open,O
16,36,North,Wall,X
16,36,East,Open,O
16,36,South,Open,O
16,36,West,Open,O
16,37,North,Open,O
16,37,East,Open,O
16,37,South,Open,O
16,37,West,Open,O
16,38,North,Open,O
16,38,East,Open,O
16,38,South,Open,O
16,38,West,Open,O
16,39,North,Open,O
16,39,East,Wall,X
16,39,South,Open,O
16,39,West,Open,O
16,40,North,Open,O
16,40,East,Wall,X
16,40,South,Wall,X
16,40,West,Open,O
16,42,North,Wall,X
16,42,East,Wall,X
16,42,South,Wall,X
16,42,West,Open,O
17,0,North,Wall,X
17,0,East,Open,O
17,0,South,Open,O
17,0,West,Open,O
17,1,North,Open,O
17,1,East,Open,O
17,1,South,Open,O
17,1,West,Wall,X
17,2,North,Open,O
17,2,East,OneWay,X
17,2,South,Open,O
17,2,West,Open,O
17,3,North,Open,O
17,3,East,Wall,X
17,3,South,Open,O
17,3,West,Wall,X
17,4,North,Open,O
17,4,East,Open,O
17,4,South,Open,O
17,4,West,Wall,X
17,5,North,Open,O
17,5,East,Open,O
17,5,South,Open,O
17,5,West,Wall,X
17,6,North,Open,O
17,6,East,Open,O
17,6,South,Wall,X
17,6,West,Open,O
17,13,North,Wall,X
17,13,East,Door,O
17,13,South,Wall,X
17,13,West,Open,O
17,21,North,Wall,X
17,21,East,Open,O
17,21,South,Wall,X
17,21,West,Open,O
17,26,North,Wall,X
17,26,East,Open,O
17,26,South,Wall,X
17,26,West,Open,O
17,28,North,Wall,X
17,28,East,Open,O
17,28,South,Open,O
17,28,West,Open,O
17,29,North,Open,O
17,29,East,Open,O
17,29,South,Open,O
17,29,West,LockedDoor,X
17,30,North,Open,O
17,30,East,Open,O
17,30,South,Wall,X
17,30,West,Open,O
17,32,North,Wall,X
17,32,East,Open,O
17,32,South,Wall,X
17,32,West,Open,O
17,36,North,Wall,X
17,36,East,Open,O
17,36,South,Open,O
17,36,West,Open,O
17,37,North,Open,O
17,37,East,Open,O
17,37,South,OneWay,X
17,37,West,Open,O
17,38,North,OneWay,O
17,38,East,Open,O
17,38,South,Wall,X
17,38,West,Open,O
18,0,North,Wall,X
18,0,East,Wall,X
18,0,South,Open,O
18,0,West,Open,O
18,1,North,Open,O
18,1,East,Wall,X
18,1,South,Open,O
18,1,West,Open,O
18,2,North,Open,O
18,2,East,Wall,X
18,2,South,Wall,X
18,2,West,OneWay,O
18,4,North,Wall,X
18,4,East,Wall,X
18,4,South,Open,O
18,4,West,Open,O
18,5,North,Open,O
18,5,East,Wall,X
18,5,South,Open,O
18,5,West,Open,O
18,6,North,Open,O
18,6,East,Wall,X
18,6,South,Wall,X
18,6,West,Open,O
18,13,North,Wall,X
18,13,East,Open,O
18,13,South,Wall,X
18,13,West,Door,O
18,21,North,Wall,X
18,21,East,Wall,X
18,21,South,Open,O
18,21,West,Open,O
18,22,North,Open,O
18,22,East,Wall,X
18,22,South,Open,O
18,22,West,Wall,X
18,23,North,Open,O
18,23,East,Door,O
18,23,South,Open,O
18,23,West,Wall,X
18,24,North,Open,O
18,24,East,Open,O
18,24,South,Open,O
18,24,West,Wall,X
18,25,North,Open,O
18,25,East,Wall,X
18,25,South,OneWay,O
18,25,West,Wall,X
18,26,North,OneWay,X
18,26,East,Wall,X
18,26,South,Open,O
18,26,West,Open,O
18,27,North,Open,O
18,27,East,Wall,X
18,27,South,Open,O
18,27,West,Wall,X
18,28,North,Open,O
18,28,East,Wall,X
18,28,South,Open,O
18,28,West,Open,O
18,29,North,Open,O
18,29,East,Open,O
18,29,South,Open,O
18,29,West,Open,O
18,30,North,Open,O
18,30,East,Wall,X
18,30,South,Open,O
18,30,West,Open,O
18,31,North,Open,O
18,31,East,Wall,X
18,31,South,Open,O
18,31,West,Wall,X
18,32,North,Open,O
18,32,East,Wall,X
18,32,South,Wall,X
18,32,West,Open,O
18,36,North,Wall,X
18,36,East,Open,O
18,36,South,Open,O
18,36,West,Open,O
18,37,North,Open,O
18,37,East,Wall,X
18,37,South,Open,O
18,37,West,Open,O
18,38,North,Open,O
18,38,East,Open,O
18,38,South,Wall,X
18,38,West,Open,O
19,9,North,Wall,X
19,9,East,Open,O
19,9,South,Open,O
19,9,West,Wall,X
19,10,North,Open,O
19,10,East,Open,O
19,10,South,Wall,X
19,10,West,Wall,X
19,13,North,Wall,X
19,13,East,Open,O
19,13,South,Wall,X
19,13,West,Open,O
19,16,North,Wall,X
19,16,East,Open,O
19,16,South,Open,O
19,16,West,Wall,X
19,17,North,Open,O
19,17,East,Open,O
19,17,South,Wall,X
19,17,West,Wall,X
19,23,North,Wall,X
19,23,East,Open,O
19,23,South,Open,O
19,23,West,Door,O
19,24,North,Open,O
19,24,East,OneWay,O
19,24,South,Wall,X
19,24,West,Open,O
19,29,North,Wall,X
19,29,East,Open,O
19,29,South,Wall,X
19,29,West,Open,O
19,36,North,Wall,X
19,36,East,Open,O
19,36,South,OneWay,O
19,36,West,Open,O
19,37,North,OneWay,X
19,37,East,Open,O
19,37,South,Wall,X
19,37,West,Wall,X
19,38,North,Wall,X
19,38,East,Open,O
19,38,South,Wall,X
19,38,West,Open,O
20,9,North,Wall,X
20,9,East,Wall,X
20,9,South,Open,O
20,9,West,Open,O
20,10,North,Open,O
20,10,East,Open,O
20,10,South,Open,O
20,10,West,Open,O
20,11,North,Open,O
20,11,East,Wall,X
20,11,South,Open,O
20,11,West,Wall,X
20,12,North,Open,O
20,12,East,Wall,X
20,12,South,Open,O
20,12,West,Wall,X
20,13,North,Open,O
20,13,East,Wall,X
20,13,South,Open,O
20,13,West,Open,O
20,14,North,Open,O
20,14,East,Wall,X
20,14,South,Open,O
20,14,West,Wall,X
20,15,North,Open,O
20,15,East,Wall,X
20,15,South,Open,O
20,15,West,Wall,X
20,16,North,Open,O
20,16,East,Open,O
20,16,South,Open,O
20,16,West,Open,O
20,17,North,Open,O
20,17,East,Wall,X
20,17,South,Wall,X
20,17,West,Open,O
20,22,North,Wall,X
20,22,East,Open,O
20,22,South,Open,O
20,22,West,Wall,X
20,23,North,Open,O
20,23,East,Open,O
20,23,South,Open,O
20,23,West,Open,O
20,24,North,Open,O
20,24,East,Open,O
20,24,South,Wall,X
20,24,West,OneWay,X
20,29,North,Wall,X
20,29,East,Open,O
20,29,South,Wall,X
20,29,West,Open,O
20,36,North,Wall,X
20,36,East,Wall,X
20,36,South,Open,O
20,36,West,Open,O
20,37,North,Open,O
20,37,East,Wall,X
20,37,South,OneWay,O
20,37,West,Wall,X
20,38,North,OneWay,X
20,38,East,Wall,X
20,38,South,Wall,X
20,38,West,Open,O
21,10,North,Wall,X
21,10,East,Open,O
21,10,South,Wall,X
21,10,West,Open,O
21,16,North,Wall,X
21,16,East,Open,O
21,16,South,Wall,X
21,16,West,Open,O
21,22,North,Wall,X
21,22,East,Wall,X
21,22,South,Open,O
21,22,West,Open,O
21,23,North,Open,O
21,23,East,Open,O
21,23,South,Open,O
21,23,West,Open,O
21,24,North,Open,O
21,24,East,Wall,X
21,24,South,Wall,X
21,24,West,Open,O
21,29,North,Wall,X
21,29,East,Open,O
21,29,South,Wall,X
21,29,West,Open,O
22,10,North,Wall,X
22,10,East,Open,O
22,10,South,Wall,X
22,10,West,Open,O
22,14,North,Wall,X
22,14,East,Open,O
22,14,South,Wall,X
22,14,West,Wall,X
22,16,North,Wall,X
22,16,East,Open,O
22,16,South,Wall,X
22,16,West,Open,O
22,23,North,Wall,X
22,23,East,LockedDoor,X
22,23,South,Wall,X
22,23,West,Open,O
22,29,North,Wall,X
22,29,East,Door,O
22,29,South,Wall,X
22,29,West,Open,O
23,10,North,Wall,X
23,10,East,Open,O
23,10,South,Wall,X
23,10,West,Open,O
23,12,North,Wall,X
23,12,East,Open,O
23,12,South,Wall,X
23,12,West,Wall,X
23,14,North,Wall,X
23,14,East,Open,O
23,14,South,Wall,X
23,14,West,Open,O
23,16,North,Wall,X
23,16,East,Open,O
23,16,South,Wall,X
23,16,West,Open,O
23,23,North,Wall,X
23,23,East,Open,O
23,23,South,Wall,X
23,23,West,LockedDoor,X
23,29,North,Wall,X
23,29,East,Open,O
23,29,South,Open,O
23,29,West,Door,O
23,30,North,Open,O
23,30,East,Door,O
23,30,South,Open,O
23,30,West,Wall,X
23,31,North,Open,O
23,31,East,Open,O
23,31,South,Open,O
23,31,West,Wall,X
23,32,North,Open,O
23,32,East,Open,O
23,32,South,Open,O
23,32,West,Wall,X
23,33,North,Open,O
23,33,East,Open,O
23,33,South,Open,O
23,33,West,Wall,X
23,34,North,Open,O
23,34,East,Open,O
23,34,South,Open,O
23,34,West,Wall,X
23,35,North,Open,O
23,35,East,Open,O
23,35,South,Open,O
23,35,West,Wall,X
23,36,North,Open,O
23,36,East,Open,O
23,36,South,Open,O
23,36,West,Wall,X
23,37,North,Open,O
23,37,East,Open,O
23,37,South,Open,O
23,37,West,Wall,X
23,38,North,Open,O
23,38,East,Open,O
23,38,South,Open,O
23,38,West,Wall,X
23,39,North,Open,O
23,39,East,Wall,X
23,39,South,Open,O
23,39,West,Wall,X
23,40,North,Open,O
23,40,East,Open,O
23,40,South,Open,O
23,40,West,Wall,X
23,41,North,Open,O
23,41,East,Open,O
23,41,South,Wall,X
23,41,West,Wall,X
24,10,North,Wall,X
24,10,East,Open,O
24,10,South,Wall,X
24,10,West,Open,O
24,12,North,Wall,X
24,12,East,Door,O
24,12,South,Wall,X
24,12,West,Open,O
24,14,North,Wall,X
24,14,East,Door,O
24,14,South,Wall,X
24,14,West,Open,O
24,16,North,Wall,X
24,16,East,Open,O
24,16,South,Wall,X
24,16,West,Open,O
24,23,North,Wall,X
24,23,East,Open,O
24,23,South,Wall,X
24,23,West,Open,O
24,29,North,Wall,X
24,29,East,Open,O
24,29,South,Open,O
24,29,West,Open,O
24,30,North,Open,O
24,30,East,Open,O
24,30,South,Open,O
24,30,West,Door,O
24,31,North,Open,O
24,31,East,Open,O
24,31,South,Open,O
24,31,West,Open,O
24,32,North,Open,O
24,32,East,Open,O
24,32,South,Open,O
24,32,West,Open,O
24,33,North,Open,O
24,33,East,Wall,X
24,33,South,Open,O
24,33,West,Open,O
24,34,North,Open,O
24,34,East,Wall,X
24,34,South,Open,O
24,34,West,Open,O
24,35,North,Open,O
24,35,East,Wall,X
24,35,South,Open,O
24,35,West,Open,O
24,36,North,Open,O
24,36,East,Wall,X
24,36,South,Open,O
24,36,West,Open,O
24,37,North,Open,O
24,37,East,Wall,X
24,37,South,Open,O
24,37,West,Open,O
24,38,North,Open,O
24,38,East,Wall,X
24,38,South,Wall,X
24,38,West,Open,O
24,40,North,Wall,X
24,40,East,Open,O
24,40,South,Open,O
24,40,West,Open,O
24,41,North,Open,O
24,41,East,Open,O
24,41,South,Wall,X
24,41,West,Open,O
25,9,North,Wall,X
25,9,East,Open,O
25,9,South,Door,O
25,9,West,Wall,X
25,10,North,Door,O
25,10,East,Open,O
25,10,South,Open,O
25,10,West,Open,O
25,11,North,Open,O
25,11,East,Wall,X
25,11,South,Open,O
25,11,West,Wall,X
25,12,North,Open,O
25,12,East,Wall,X
25,12,South,Open,O
25,12,West,Door,O
25,13,North,Open,O
25,13,East,Open,O
25,13,South,Open,O
25,13,West,Wall,X
25,14,North,Open,O
25,14,East,Wall,X
25,14,South,Open,O
25,14,West,Door,O
25,15,North,Open,O
25,15,East,Wall,X
25,15,South,Open,O
25,15,West,Wall,X
25,16,North,Open,O
25,16,East,Open,O
25,16,South,Open,O
25,16,West,Open,O
25,17,North,Open,O
25,17,East,Open,O
25,17,South,Wall,X
25,17,West,Wall,X
25,20,North,Wall,X
25,20,East,Open,O
25,20,South,Open,O
25,20,West,Wall,X
25,21,North,Open,O
25,21,East,Wall,X
25,21,South,Open,O
25,21,West,Wall,X
25,22,North,Open,O
25,22,East,Wall,X
25,22,South,Open,O
25,22,West,Wall,X
25,23,North,Open,O
25,23,East,Wall,X
25,23,South,Wall,X
25,23,West,Open,O
25,29,North,Wall,X
25,29,East,Open,O
25,29,South,Open,O
25,29,West,Open,O
25,30,North,Open,O
25,30,East,Open,O
25,30,South,Open,O
25,30,West,Open,O
25,31,North,Open,O
25,31,East,Open,O
25,31,South,Open,O
25,31,West,Open,O
25,32,North,Open,O
25,32,East,Open,O
25,32,South,Wall,X
25,32,West,Open,O
25,40,North,Wall,X
25,40,East,Open,O
25,40,South,Open,O
25,40,West,Open,O
25,41,North,Open,O
25,41,East,Open,O
25,41,South,Wall,X
25,41,West,Open,O
26,9,North,Wall,X
26,9,East,Wall,X
26,9,South,Open,O
26,9,West,Open,O
26,10,North,Open,O
26,10,East,Wall,X
26,10,South,Wall,X
26,10,West,Open,O
26,13,North,Wall,X
26,13,East,Open,O
26,13,South,Wall,X
26,13,West,Open,O
26,16,North,Wall,X
26,16,East,Wall,X
26,16,South,Open,O
26,16,West,Open,O
26,17,North,Open,O
26,17,East,GimmickDoor,X
26,17,South,Wall,X
26,17,West,Open,O
26,20,North,Wall,X
26,20,East,Door,O
26,20,South,Wall,X
26,20,West,Open,O
26,29,North,Wall,X
26,29,East,Open,O
26,29,South,Open,O
26,29,West,Open,O
26,30,North,Open,O
26,30,East,Open,O
26,30,South,Open,O
26,30,West,Open,O
26,31,North,Open,O
26,31,East,Door,O
26,31,South,Open,O
26,31,West,Open,O
26,32,North,Open,O
26,32,East,Open,O
26,32,South,Open,O
26,32,West,Open,O
26,33,North,Open,O
26,33,East,Open,O
26,33,South,Open,O
26,33,West,Wall,X
26,34,North,Open,O
26,34,East,Open,O
26,34,South,Open,O
26,34,West,Wall,X
26,35,North,Open,O
26,35,East,Wall,X
26,35,South,Wall,X
26,35,West,Wall,X
26,38,North,Wall,X
26,38,East,Open,O
26,38,South,Open,O
26,38,West,Wall,X
26,39,North,Open,O
26,39,East,Open,O
26,39,South,Open,O
26,39,West,Wall,X
26,40,North,Open,O
26,40,East,Open,O
26,40,South,Open,O
26,40,West,Open,O
26,41,North,Open,O
26,41,East,Open,O
26,41,South,Wall,X
26,41,West,Open,O
27,13,North,Wall,X
27,13,East,Wall,X
27,13,South,Wall,X
27,13,West,Open,O
27,17,North,Wall,X
27,17,East,Open,O
27,17,South,Open,O
27,17,West,GimmickDoor,X
27,18,North,Open,O
27,18,East,Open,O
27,18,South,Door,O
27,18,West,Wall,X
27,19,North,Door,O
27,19,East,Open,O
27,19,South,Open,O
27,19,West,Wall,X
27,20,North,Open,O
27,20,East,OneWay,O
27,20,South,Wall,X
27,20,West,Door,O
27,21,North,Wall,X
27,21,East,OneWay,O
27,21,South,Open,O
27,21,West,Wall,X
27,22,North,Wall,X
27,22,East,Open,O
27,22,South,Open,O
27,22,West,Wall,X
27,23,North,Open,O
27,23,East,Open,O
27,23,South,Open,O
27,23,West,Wall,X
27,24,North,Open,O
27,24,East,Open,O
27,24,South,Open,O
27,24,West,Wall,X
27,25,North,Open,O
27,25,East,Open,O
27,25,South,Open,O
27,25,West,Wall,X
27,26,North,Open,O
27,26,East,Open,O
27,26,South,Wall,X
27,26,West,Wall,X
27,29,North,Wall,X
27,29,East,Door,O
27,29,South,Open,O
27,29,West,Open,O
27,30,North,Open,O
27,30,East,Open,O
27,30,South,Open,O
27,30,West,Open,O
27,31,North,Open,O
27,31,East,Open,O
27,31,South,Open,O
27,31,West,Door,O
27,32,North,Open,O
27,32,East,Open,O
27,32,South,Open,O
27,32,West,Open,O
27,33,North,Open,O
27,33,East,Open,O
27,33,South,Open,O
27,33,West,Open,O
27,34,North,Open,O
27,34,East,Wall,X
27,34,South,Wall,X
27,34,West,Open,O
27,36,North,Wall,X
27,36,East,Open,O
27,36,South,Wall,X
27,36,West,Wall,X
27,38,North,Wall,X
27,38,East,Wall,X
27,38,South,Open,O
27,38,West,Open,O
27,39,North,Open,O
27,39,East,Open,O
27,39,South,Open,O
27,39,West,Open,O
27,40,North,Open,O
27,40,East,Open,O
27,40,South,Open,O
27,40,West,Open,O
27,41,North,Open,O
27,41,East,Open,O
27,41,South,Wall,X
27,41,West,Open,O
28,17,North,Wall,X
28,17,East,Open,O
28,17,South,Open,O
28,17,West,Open,O
28,18,North,Open,O
28,18,East,Open,O
28,18,South,Open,O
28,18,West,Open,O
28,19,North,Open,O
28,19,East,Wall,X
28,19,South,Open,O
28,19,West,Open,O
28,20,North,Open,O
28,20,East,Wall,X
28,20,South,Open,O
28,20,West,OneWay,X
28,21,North,Open,O
28,21,East,Wall,X
28,21,South,Open,O
28,21,West,OneWay,X
28,22,North,Open,O
28,22,East,Wall,X
28,22,South,Open,O
28,22,West,Open,O
28,23,North,Open,O
28,23,East,Wall,X
28,23,South,Open,O
28,23,West,Open,O
28,24,North,Open,O
28,24,East,Open,O
28,24,South,Open,O
28,24,West,Open,O
28,25,North,Open,O
28,25,East,Open,O
28,25,South,Open,O
28,25,West,Open,O
28,26,North,Open,O
28,26,East,Open,O
28,26,South,Wall,X
28,26,West,Open,O
28,29,North,Wall,X
28,29,East,Open,O
28,29,South,Open,O
28,29,West,Door,O
28,30,North,Open,O
28,30,East,Open,O
28,30,South,Open,O
28,30,West,Open,O
28,31,North,Open,O
28,31,East,Open,O
28,31,South,Open,O
28,31,West,Open,O
28,32,North,Open,O
28,32,East,Open,O
28,32,South,Open,O
28,32,West,Open,O
28,33,North,Open,O
28,33,East,Wall,X
28,33,South,Wall,X
28,33,West,Open,O
28,35,North,Wall,X
28,35,East,Open,O
28,35,South,Open,O
28,35,West,Wall,X
28,36,North,Open,O
28,36,East,Door,O
28,36,South,Open,O
28,36,West,Open,O
28,37,North,Open,O
28,37,East,Open,O
28,37,South,Wall,X
28,37,West,Wall,X
28,39,North,Wall,X
28,39,East,Wall,X
28,39,South,Open,O
28,39,West,Open,O
28,40,North,Open,O
28,40,East,Open,O
28,40,South,Open,O
28,40,West,Open,O
28,41,North,Open,O
28,41,East,Open,O
28,41,South,Wall,X
28,41,West,Open,O
29,17,North,Wall,X
29,17,East,Open,O
29,17,South,Open,O
29,17,West,Open,O
29,18,North,Open,O
29,18,East,Wall,X
29,18,South,Wall,X
29,18,West,Open,O
29,24,North,Wall,X
29,24,East,Wall,X
29,24,South,Open,O
29,24,West,Open,O
29,25,North,Open,O
29,25,East,Open,O
29,25,South,Open,O
29,25,West,Open,O
29,26,North,Open,O
29,26,East,Open,O
29,26,South,Wall,X
29,26,West,Open,O
29,29,North,Wall,X
29,29,East,Open,O
29,29,South,Open,O
29,29,West,Open,O
29,30,North,Open,O
29,30,East,Open,O
29,30,South,Open,O
29,30,West,Open,O
29,31,North,Open,O
29,31,East,Open,O
29,31,South,Open,O
29,31,West,Open,O
29,32,North,Open,O
29,32,East,Open,O
29,32,South,Wall,X
29,32,West,Open,O
29,34,North,Wall,X
29,34,East,Open,O
29,34,South,Open,O
29,34,West,Wall,X
29,35,North,Open,O
29,35,East,Open,O
29,35,South,Open,O
29,35,West,Open,O
29,36,North,Open,O
29,36,East,Open,O
29,36,South,Open,O
29,36,West,Door,O
29,37,North,Open,O
29,37,East,Open,O
29,37,South,Open,O
29,37,West,Open,O
29,38,North,Open,O
29,38,East,Open,O
29,38,South,Wall,X
29,38,West,Wall,X
29,40,North,Wall,X
29,40,East,Open,O
29,40,South,Open,O
29,40,West,Open,O
29,41,North,Open,O
29,41,East,Open,O
29,41,South,Wall,X
29,41,West,Open,O
30,17,North,Wall,X
30,17,East,Open,O
30,17,South,Wall,X
30,17,West,Open,O
30,20,North,Wall,X
30,20,East,Open,O
30,20,South,Open,O
30,20,West,Wall,X
30,21,North,Open,O
30,21,East,Open,O
30,21,South,Open,O
30,21,West,Wall,X
30,22,North,Open,O
30,22,East,Open,O
30,22,South,Wall,X
30,22,West,Wall,X
30,25,North,Wall,X
30,25,East,Open,O
30,25,South,Open,O
30,25,West,Open,O
30,26,North,Open,O
30,26,East,Open,O
30,26,South,Wall,X
30,26,West,Open,O
30,29,North,Wall,X
30,29,East,LockedDoor,X
30,29,South,Open,O
30,29,West,Open,O
30,30,North,Open,O
30,30,East,Wall,X
30,30,South,Open,O
30,30,West,Open,O
30,31,North,Open,O
30,31,East,Wall,X
30,31,South,Open,O
30,31,West,Open,O
30,32,North,Open,O
30,32,East,Wall,X
30,32,South,Open,O
30,32,West,Open,O
30,33,North,Open,O
30,33,East,Wall,X
30,33,South,Door,O
30,33,West,Wall,X
30,34,North,Door,O
30,34,East,Open,O
30,34,South,Open,O
30,34,West,Open,O
30,35,North,Open,O
30,35,East,Open,O
30,35,South,Open,O
30,35,West,Open,O
30,36,North,Open,O
30,36,East,Open,O
30,36,South,Open,O
30,36,West,Open,O
30,37,North,Open,O
30,37,East,Wall,X
30,37,South,Open,O
30,37,West,Open,O
30,38,North,Open,O
30,38,East,Open,O
30,38,South,Door,O
30,38,West,Open,O
30,39,North,Door,O
30,39,East,Open,O
30,39,South,Open,O
30,39,West,Wall,X
30,40,North,Open,O
30,40,East,Door,O
30,40,South,Open,O
30,40,West,Open,O
30,41,North,Open,O
30,41,East,Open,O
30,41,South,Wall,X
30,41,West,Open,O
31,17,North,Wall,X
31,17,East,Open,O
31,17,South,Wall,X
31,17,West,Open,O
31,19,North,Wall,X
31,19,East,Open,O
31,19,South,Open,O
31,19,West,Wall,X
31,20,North,Open,O
31,20,East,Open,O
31,20,South,Open,O
31,20,West,Open,O
31,21,North,Open,O
31,21,East,Open,O
31,21,South,Open,O
31,21,West,Open,O
31,22,North,Open,O
31,22,East,Open,O
31,22,South,Open,O
31,22,West,Open,O
31,23,North,Open,O
31,23,East,Open,O
31,23,South,Wall,X
31,23,West,Wall,X
31,25,North,Wall,X
31,25,East,Open,O
31,25,South,Open,O
31,25,West,Open,O
31,26,North,Open,O
31,26,East,Open,O
31,26,South,Wall,X
31,26,West,Open,O
31,29,North,Wall,X
31,29,East,Open,O
31,29,South,Wall,X
31,29,West,LockedDoor,X
31,34,North,Wall,X
31,34,East,Wall,X
31,34,South,Open,O
31,34,West,Open,O
31,35,North,Open,O
31,35,East,Open,O
31,35,South,Open,O
31,35,West,Open,O
31,36,North,Open,O
31,36,East,Door,O
31,36,South,Wall,X
31,36,West,Open,O
31,38,North,Wall,X
31,38,East,Wall,X
31,38,South,Door,O
31,38,West,Open,O
31,39,North,Door,O
31,39,East,Open,O
31,39,South,Open,O
31,39,West,Open,O
31,40,North,Open,O
31,40,East,Door,O
31,40,South,Open,O
31,40,West,Door,O
31,41,North,Open,O
31,41,East,Open,O
31,41,South,Wall,X
31,41,West,Open,O
32,17,North,Wall,X
32,17,East,Open,O
32,17,South,Wall,X
32,17,West,Open,O
32,19,North,Wall,X
32,19,East,Wall,X
32,19,South,Open,O
32,19,West,Open,O
32,20,North,Open,O
32,20,East,Open,O
32,20,South,Open,O
32,20,West,Open,O
32,21,North,Open,O
32,21,East,Open,O
32,21,South,Open,O
32,21,West,Open,O
32,22,North,Open,O
32,22,East,Open,O
32,22,South,Open,O
32,22,West,Open,O
32,23,North,Open,O
32,23,East,Wall,X
32,23,South,Wall,X
32,23,West,Open,O
32,25,North,Wall,X
32,25,East,Door,O
32,25,South,Open,O
32,25,West,Open,O
32,26,North,Open,O
32,26,East,Open,O
32,26,South,Wall,X
32,26,West,Open,O
32,29,North,Wall,X
32,29,East,Open,O
32,29,South,Wall,X
32,29,West,Open,O
32,31,North,Wall,X
32,31,East,Open,O
32,31,South,Open,O
32,31,West,Wall,X
32,32,North,Open,O
32,32,East,Open,O
32,32,South,Open,O
32,32,West,Wall,X
32,33,North,Open,O
32,33,East,Open,O
32,33,South,Wall,X
32,33,West,Wall,X
32,35,North,Wall,X
32,35,East,Open,O
32,35,South,Open,O
32,35,West,Open,O
32,36,North,Open,O
32,36,East,Open,O
32,36,South,Wall,X
32,36,West,Door,O
32,39,North,Wall,X
32,39,East,Open,O
32,39,South,Open,O
32,39,West,Open,O
32,40,North,Open,O
32,40,East,Open,O
32,40,South,Open,O
32,40,West,Door,O
32,41,North,Open,O
32,41,East,Open,O
32,41,South,Wall,X
32,41,West,Open,O
33,17,North,Wall,X
33,17,East,Open,O
33,17,South,Wall,X
33,17,West,Open,O
33,20,North,Wall,X
33,20,East,Open,O
33,20,South,Open,O
33,20,West,Open,O
33,21,North,Open,O
33,21,East,Door,O
33,21,South,Open,O
33,21,West,Open,O
33,22,North,Open,O
33,22,East,Open,O
33,22,South,Wall,X
33,22,West,Open,O
33,25,North,Wall,X
33,25,East,Open,O
33,25,South,Open,O
33,25,West,Door,O
33,26,North,Open,O
33,26,East,Open,O
33,26,South,Wall,X
33,26,West,Open,O
33,29,North,Wall,X
33,29,East,Open,O
33,29,South,Wall,X
33,29,West,Open,O
33,31,North,Wall,X
33,31,East,Wall,X
33,31,South,Open,O
33,31,West,Open,O
33,32,North,Open,O
33,32,East,Wall,X
33,32,South,Open,O
33,32,West,Open,O
33,33,North,Open,O
33,33,East,Wall,X
33,33,South,Wall,X
33,33,West,Open,O
33,35,North,Wall,X
33,35,East,Open,O
33,35,South,Open,O
33,35,West,Open,O
33,36,North,Open,O
33,36,East,Open,O
33,36,South,Wall,X
33,36,West,Open,O
33,39,North,Wall,X
33,39,East,Open,O
33,39,South,Open,O
33,39,West,Open,O
33,40,North,Open,O
33,40,East,Open,O
33,40,South,Open,O
33,40,West,Open,O
33,41,North,Open,O
33,41,East,Open,O
33,41,South,Wall,X
33,41,West,Open,O
34,17,North,Wall,X
34,17,East,Open,O
34,17,South,Open,O
34,17,West,Open,O
34,18,North,Open,O
34,18,East,Open,O
34,18,South,Open,O
34,18,West,Wall,X
34,19,North,Open,O
34,19,East,Open,O
34,19,South,Open,O
34,19,West,Wall,X
34,20,North,Open,O
34,20,East,Open,O
34,20,South,Open,O
34,20,West,Open,O
34,21,North,Open,O
34,21,East,Open,O
34,21,South,Open,O
34,21,West,Door,O
34,22,North,Open,O
34,22,East,Open,O
34,22,South,Open,O
34,22,West,Open,O
34,23,North,Open,O
34,23,East,Open,O
34,23,South,Open,O
34,23,West,Wall,X
34,24,North,Open,O
34,24,East,Open,O
34,24,South,Open,O
34,24,West,Wall,X
34,25,North,Open,O
34,25,East,Open,O
34,25,South,Open,O
34,25,West,Open,O
34,26,North,Open,O
34,26,East,Door,O
34,26,South,Wall,X
34,26,West,Open,O
34,29,North,Wall,X
34,29,East,Open,O
34,29,South,Wall,X
34,29,West,Open,O
34,34,North,Wall,X
34,34,East,Wall,X
34,34,South,Open,O
34,34,West,Wall,X
34,35,North,Open,O
34,35,East,Open,O
34,35,South,Open,O
34,35,West,Open,O
34,36,North,Open,O
34,36,East,Open,O
34,36,South,Open,O
34,36,West,Open,O
34,37,North,Open,O
34,37,East,Open,O
34,37,South,Open,O
34,37,West,Wall,X
34,38,North,Open,O
34,38,East,Open,O
34,38,South,Open,O
34,38,West,Wall,X
34,39,North,Open,O
34,39,East,Open,O
34,39,South,Open,O
34,39,West,Open,O
34,40,North,Open,O
34,40,East,Open,O
34,40,South,Open,O
34,40,West,Open,O
34,41,North,Open,O
34,41,East,Open,O
34,41,South,Wall,X
34,41,West,Open,O
35,16,North,Wall,X
35,16,East,Open,O
35,16,South,Open,O
35,16,West,Wall,X
35,17,North,Open,O
35,17,East,Open,O
35,17,South,Open,O
35,17,West,Open,O
35,18,North,Open,O
35,18,East,Wall,X
35,18,South,Open,O
35,18,West,Open,O
35,19,North,Open,O
35,19,East,Wall,X
35,19,South,Open,O
35,19,West,Open,O
35,20,North,Open,O
35,20,East,Wall,X
35,20,South,Open,O
35,20,West,Open,O
35,21,North,Open,O
35,21,East,Wall,X
35,21,South,Open,O
35,21,West,Open,O
35,22,North,Open,O
35,22,East,Wall,X
35,22,South,Open,O
35,22,West,Open,O
35,23,North,Open,O
35,23,East,Wall,X
35,23,South,Open,O
35,23,West,Open,O
35,24,North,Open,O
35,24,East,Wall,X
35,24,South,Open,O
35,24,West,Open,O
35,25,North,Open,O
35,25,East,Open,O
35,25,South,Open,O
35,25,West,Open,O
35,26,North,Open,O
35,26,East,Open,O
35,26,South,Open,O
35,26,West,Door,O
35,27,North,Open,O
35,27,East,Open,O
35,27,South,Wall,X
35,27,West,Wall,X
35,29,North,Wall,X
35,29,East,Open,O
35,29,South,Wall,X
35,29,West,Open,O
35,31,North,Wall,X
35,31,East,Open,O
35,31,South,Wall,X
35,31,West,Wall,X
35,33,North,Wall,X
35,33,East,Open,O
35,33,South,Wall,X
35,33,West,Wall,X
35,35,North,Wall,X
35,35,East,Door,O
35,35,South,Open,O
35,35,West,Open,O
35,36,North,Open,O
35,36,East,Wall,X
35,36,South,Open,O
35,36,West,Open,O
35,37,North,Open,O
35,37,East,Wall,X
35,37,South,Open,O
35,37,West,Open,O
35,38,North,Open,O
35,38,East,Wall,X
35,38,South,Open,O
35,38,West,Open,O
35,39,North,Open,O
35,39,East,Wall,X
35,39,South,Open,O
35,39,West,Open,O
35,40,North,Open,O
35,40,East,Wall,X
35,40,South,Open,O
35,40,West,Open,O
35,41,North,Open,O
35,41,East,Open,O
35,41,South,Wall,X
35,41,West,Open,O
36,16,North,Wall,X
36,16,East,Open,O
36,16,South,Open,O
36,16,West,Open,O
36,17,North,Open,O
36,17,East,Wall,X
36,17,South,Wall,X
36,17,West,Open,O
36,25,North,Wall,X
36,25,East,Open,O
36,25,South,Open,O
36,25,West,Open,O
36,26,North,Open,O
36,26,East,Open,O
36,26,South,Open,O
36,26,West,Open,O
36,27,North,Open,O
36,27,East,Open,O
36,27,South,Wall,X
36,27,West,Open,O
36,29,North,Wall,X
36,29,East,Open,O
36,29,South,Wall,X
36,29,West,Open,O
36,31,North,Wall,X
36,31,East,Wall,X
36,31,South,Open,O
36,31,West,Open,O
36,32,North,Open,O
36,32,East,Wall,X
36,32,South,Open,O
36,32,West,Wall,X
36,33,North,Open,O
36,33,East,Wall,X
36,33,South,Wall,X
36,33,West,Open,O
36,35,North,Wall,X
36,35,East,Open,O
36,35,South,Wall,X
36,35,West,Door,O
36,41,North,Wall,X
36,41,East,Open,O
36,41,South,Wall,X
36,41,West,Open,O
37,16,North,Wall,X
37,16,East,Open,O
37,16,South,Wall,X
37,16,West,Open,O
37,19,North,Wall,X
37,19,East,Open,O
37,19,South,Open,O
37,19,West,Wall,X
37,20,North,Open,O
37,20,East,Open,O
37,20,South,Wall,X
37,20,West,Wall,X
37,22,North,Wall,X
37,22,East,Wall,X
37,22,South,Open,O
37,22,West,Wall,X
37,23,North,Open,O
37,23,East,Open,O
37,23,South,Open,O
37,23,West,Wall,X
37,24,North,Open,O
37,24,East,Open,O
37,24,South,Open,O
37,24,West,Wall,X
37,25,North,Open,O
37,25,East,Open,O
37,25,South,Open,O
37,25,West,Open,O
37,26,North,Open,O
37,26,East,Open,O
37,26,South,Open,O
37,26,West,Open,O
37,27,North,Open,O
37,27,East,Open,O
37,27,South,Wall,X
37,27,West,Open,O
37,29,North,Wall,X
37,29,East,Open,O
37,29,South,Wall,X
37,29,West,Open,O
37,34,North,Wall,X
37,34,East,Open,O
37,34,South,Open,O
37,34,West,Wall,X
37,35,North,Open,O
37,35,South,Open,O
37,35,West,Open,O
37,35,East,OneWay,X
37,36,North,Open,O
37,36,East,Open,O
37,36,South,Open,O
37,36,West,Wall,X
37,37,North,Open,O
37,37,East,Open,O
37,37,South,Wall,X
37,37,West,Wall,X
37,39,North,Wall,X
37,39,East,Open,O
37,39,South,Wall,X
37,39,West,Wall,X
37,41,North,Wall,X
37,41,East,Open,O
37,41,South,Wall,X
37,41,West,Open,O
38,16,North,Wall,X
38,16,East,Open,O
38,16,South,Open,O
38,16,West,Open,O
38,17,North,Open,O
38,17,East,Open,O
38,17,South,Wall,X
38,17,West,Wall,X
38,19,North,Wall,X
38,19,East,Open,O
38,19,South,Open,O
38,19,West,Open,O
38,20,North,Open,O
38,20,East,Open,O
38,20,South,Wall,X
38,20,West,Open,O
38,23,North,Wall,X
38,23,East,Wall,X
38,23,South,Open,O
38,23,West,Open,O
38,24,North,Open,O
38,24,East,Open,O
38,24,South,Open,O
38,24,West,Open,O
38,25,North,Open,O
38,25,East,Open,O
38,25,South,Open,O
38,25,West,Open,O
38,26,North,Open,O
38,26,East,Open,O
38,26,South,Open,O
38,26,West,Open,O
38,27,North,Open,O
38,27,East,Open,O
38,27,South,Wall,X
38,27,West,Open,O
38,29,North,Wall,X
38,29,East,Open,O
38,29,South,Open,O
38,29,West,Open,O
38,30,North,Open,O
38,30,East,Wall,X
38,30,South,Open,O
38,30,West,Wall,X
38,31,North,Open,O
38,31,East,Wall,X
38,31,South,Open,O
38,31,West,Wall,X
38,32,North,Open,O
38,32,East,Wall,X
38,32,South,Open,O
38,32,West,Wall,X
38,33,North,Open,O
38,33,East,Open,O
38,33,South,Open,O
38,33,West,Wall,X
38,34,North,Open,O
38,34,East,Wall,X
38,34,South,Open,O
38,34,West,Open,O
38,35,North,Wall,X
38,35,East,OneWay,X
38,35,South,OneWay,X
38,35,West,OneWay,O
38,36,North,OneWay,O
38,36,South,OneWay,X
38,37,North,OneWay,X
38,36,East,Wall,X
38,36,West,Wall,X
38,37,East,OneWay,O
38,37,South,Wall,X
38,37,West,Wall,X
38,39,North,Wall,X
38,39,East,Door,O
38,39,South,Open,O
38,39,West,Open,O
38,40,North,Open,O
38,40,East,Open,O
38,40,South,Open,O
38,40,West,Wall,X
38,41,North,Open,O
38,41,East,Open,O
38,41,South,Wall,X
38,41,West,Open,O
39,16,North,Wall,X
39,16,East,Open,O
39,16,South,Open,O
39,16,West,Open,O
39,17,North,Open,O
39,17,East,Open,O
39,17,South,Wall,X
39,17,West,Open,O
39,19,North,Wall,X
39,19,East,Wall,X
39,19,South,Open,O
39,19,West,Open,O
39,20,North,Open,O
39,20,East,Wall,X
39,20,South,Wall,X
39,20,West,Open,O
39,22,North,Wall,X
39,22,East,Open,O
39,22,South,Wall,X
39,22,West,Wall,X
39,24,North,Wall,X
39,24,East,Wall,X
39,24,South,Open,O
39,24,West,Open,O
39,25,North,Open,O
39,25,East,Open,O
39,25,South,Open,O
39,25,West,Open,O
39,26,North,Open,O
39,26,East,Open,O
39,26,South,OneWay,X
39,26,West,Open,O
39,27,North,OneWay,O
39,27,East,Open,O
39,27,South,Wall,X
39,27,West,Open,O
39,29,North,Wall,X
39,29,East,Open,O
39,29,South,Wall,X
39,29,West,Open,O
39,33,North,Wall,X
39,33,East,Open,O
39,33,South,Wall,X
39,33,West,Open,O
39,35,North,OneWay,O
39,35,East,OneWay,X
39,35,South,OneWay,X
39,35,West,OneWay,O
39,36,East,Wall,X
39,36,South,Open,O
39,36,West,Open,O
39,36,North,OneWay,O
39,37,East,OneWay,O
39,37,North,OneWay,O
39,37,South,Wall,X
39,37,West,OneWay,X
39,39,North,Wall,X
39,39,East,Door,O
39,39,South,Open,O
39,39,West,Door,O
39,40,North,Open,O
39,40,East,Open,O
39,40,South,Open,O
39,40,West,Open,O
39,41,North,Open,O
39,41,East,Open,O
39,41,South,Wall,X
39,41,West,Open,O
40,16,North,Wall,X
40,16,East,Open,O
40,16,South,Open,O
40,16,West,Open,O
40,17,North,Open,O
40,17,East,Open,O
40,17,South,Open,O
40,17,West,Open,O
40,18,North,Open,O
40,18,East,Open,O
40,18,South,Wall,X
40,18,West,Wall,X
40,21,North,Wall,X
40,21,East,Open,O
40,21,South,Open,O
40,21,West,Wall,X
40,22,North,Open,O
40,22,East,Open,O
40,22,South,Open,O
40,22,West,Open,O
40,23,North,Open,O
40,23,East,Open,O
40,23,South,Wall,X
40,23,West,Wall,X
40,25,North,Wall,X
40,25,East,Open,O
40,25,South,Open,O
40,25,West,Open,O
40,26,North,Open,O
40,26,East,Open,O
40,26,South,Open,O
40,26,West,Open,O
40,27,North,Open,O
40,27,East,Open,O
40,27,South,Wall,X
40,27,West,Open,O
40,29,North,Wall,X
40,29,East,Open,O
40,29,South,Open,O
40,29,West,Open,O
40,30,North,Open,O
40,30,East,Wall,X
40,30,South,Wall,X
40,30,West,Wall,X
40,32,North,Wall,X
40,32,East,Wall,X
40,32,South,Open,O
40,32,West,Wall,X
40,33,North,Open,O
40,33,East,Wall,X
40,33,South,Wall,X
40,33,West,Open,O
40,35,North,Wall,X
40,35,East,OneWay,X
40,35,South,OneWay,O
40,35,West,OneWay,O
40,36,North,OneWay,X
40,36,East,OneWay,O
40,36,South,Wall,X
40,36,West,Wall,X
40,37,East,OneWay,O
40,37,North,Wall,X
40,37,West,OneWay,X
40,37,South,Wall,X
40,39,North,Wall,X
40,39,East,Open,O
40,39,South,Open,O
40,39,West,Door,O
40,40,North,Open,O
40,40,East,Open,O
40,40,South,Open,O
40,40,West,Open,O
40,41,North,Open,O
40,41,East,Open,O
40,41,South,Wall,X
40,41,West,Open,O
41,16,North,Wall,X
41,16,East,Open,O
41,16,South,Open,O
41,16,West,Open,O
41,17,North,Open,O
41,17,East,Open,O
41,17,South,Open,O
41,17,West,Open,O
41,18,North,Open,O
41,18,East,Open,O
41,18,South,Open,O
41,18,West,Open,O
41,19,North,Open,O
41,19,East,Open,O
41,19,South,Open,O
41,19,West,Wall,X
41,20,North,Open,O
41,20,East,Open,O
41,20,South,Open,O
41,20,West,Wall,X
41,21,North,Open,O
41,21,East,Open,O
41,21,South,Open,O
41,21,West,Open,O
41,22,North,Open,O
41,22,East,Open,O
41,22,South,Open,O
41,22,West,Open,O
41,23,North,Open,O
41,23,East,Open,O
41,23,South,Open,O
41,23,West,Open,O
41,24,North,Open,O
41,24,East,Open,O
41,24,South,Open,O
41,24,West,Wall,X
41,25,North,Open,O
41,25,East,Open,O
41,25,South,Open,O
41,25,West,Open,O
41,26,North,Open,O
41,26,East,Open,O
41,26,South,Open,O
41,26,West,Open,O
41,27,North,Open,O
41,27,East,Open,O
41,27,South,Wall,X
41,27,West,Open,O
41,29,North,Wall,X
41,29,East,Open,O
41,29,South,Wall,X
41,29,West,Open,O
41,35,East,Wall,X
41,35,South,OneWay,X
41,35,West,OneWay,O
41,36,North,OneWay,O
41,36,East,Wall,X
41,36,West,OneWay,X
41,35,North,Wall,X
41,36,South,OneWay,X
41,37,East,Wall,X
41,37,South,Wall,X
41,37,North,OneWay,O
41,37,West,OneWay,X
41,39,North,Wall,X
41,39,East,Wall,X
41,39,South,Open,O
41,39,West,Open,O
41,40,North,Open,O
41,40,East,Wall,X
41,40,South,Open,O
41,40,West,Open,O
41,41,North,Open,O
41,41,East,Open,O
41,41,South,Wall,X
41,41,West,Open,O
42,16,North,Wall,X
42,16,East,Wall,X
42,16,South,Door,O
42,16,West,Open,O
42,17,North,Door,O
42,17,East,Wall,X
42,17,South,Open,O
42,17,West,Open,O
42,18,North,Open,O
42,18,East,Wall,X
42,18,South,Open,O
42,18,West,Open,O
42,19,North,Open,O
42,19,East,Wall,X
42,19,South,Open,O
42,19,West,Open,O
42,20,North,Open,O
42,20,East,Wall,X
42,20,South,Open,O
42,20,West,Open,O
42,21,North,Open,O
42,21,East,Wall,X
42,21,South,Open,O
42,21,West,Open,O
42,22,North,Open,O
42,22,East,Wall,X
42,22,South,Open,O
42,22,West,Open,O
42,23,North,Open,O
42,23,East,Wall,X
42,23,South,Open,O
42,23,West,Open,O
42,24,North,Open,O
42,24,East,Wall,X
42,24,South,Open,O
42,24,West,Open,O
42,25,North,Open,O
42,25,East,Wall,X
42,25,South,Open,O
42,25,West,Open,O
42,26,North,Open,O
42,26,East,Wall,X
42,26,South,OneWay,O
42,26,West,Open,O
42,27,North,OneWay,X
42,27,East,Door,O
42,27,South,Wall,X
42,27,West,Open,O
42,29,North,Wall,X
42,29,East,Open,O
42,29,South,Open,O
42,29,West,Open,O
42,30,North,Open,O
42,30,East,Open,O
42,30,South,Open,O
42,30,West,Wall,X
42,31,North,Open,O
42,31,East,Open,O
42,31,South,Open,O
42,31,West,Wall,X
42,32,North,Open,O
42,32,East,Wall,X
42,32,South,Open,O
42,32,West,Wall,X
42,33,North,Open,O
42,33,East,Open,O
42,33,South,Open,O
42,33,West,Wall,X
42,34,North,Open,O
42,34,East,Open,O
42,34,South,Open,O
42,34,West,Wall,X
42,35,North,Open,O
42,35,East,Open,O
42,35,South,Wall,X
42,35,West,Door,O
42,41,North,Wall,X
42,41,East,Open,O
42,41,South,Wall,X
42,41,West,Open,O
43,27,North,Wall,X
43,27,East,Wall,X
43,27,South,Open,O
43,27,West,Door,O
43,28,North,Open,O
43,28,East,Wall,X
43,28,South,Open,O
43,28,West,Wall,X
43,29,North,Open,O
43,29,East,Wall,X
43,29,South,Open,O
43,29,West,Open,O
43,30,North,Open,O
43,30,East,Wall,X
43,30,South,Open,O
43,30,West,Open,O
43,31,North,Open,O
43,31,East,Wall,X
43,31,South,Wall,X
43,31,West,Open,O
43,33,North,Wall,X
43,33,East,Wall,X
43,33,South,Open,O
43,33,West,Open,O
43,34,North,Open,O
43,34,East,Wall,X
43,34,South,Open,O
43,34,West,Open,O
43,35,North,Open,O
43,35,East,Wall,X
43,35,South,Open,O
43,35,West,Open,O
43,36,North,Open,O
43,36,East,Wall,X
43,36,South,Open,O
43,36,West,Wall,X
43,37,North,Open,O
43,37,East,Wall,X
43,37,South,Open,O
43,37,West,Wall,X
43,38,North,Open,O
43,38,East,Wall,X
43,38,South,Open,O
43,38,West,Wall,X
43,39,North,Open,O
43,39,East,Wall,X
43,39,South,Open,O
43,39,West,Wall,X
43,40,North,Open,O
43,40,East,Wall,X
43,40,South,Open,O
43,40,West,Wall,X
43,41,North,Open,O
43,41,East,Wall,X
43,41,South,Wall,X
43,41,West,Open,O
,,,,
주의,빨간 잠긴 문 2개와 파란 기믹 문 1개는 요청대로 Door로 분류하지 않고 Open 상태로 두었습니다. 해당 Edge의 Type/Passable을 직접 수정하면 됩니다.,,,
